X,Y,SLR,TR,Slope,Elevation,y_original,y_ML,y_LR
-74.14620893,40.44055979,4.969160952380952,1.639,0.4955187,4.0,0.9144,0.9065667291381752,0.5655600000000001
-75.94620893,37.26055979,5.848827653061225,0.695,0.2637041,12.0,0.62,0.5872339105069238,0.5278
-76.30620893,35.04055979,5.329616630385487,0.0,0.048969,-6.0,0.61,0.5995613698189379,0.5
-70.06620893,41.28055979,5.1913609160997725,1.154,0.1958751,12.0,0.434,0.5213554154641872,0.54616
-75.94620893,35.10055979,5.846348707482993,1.07422,0.5540033,-1.0,0.59,0.5667729889293908,0.5429688
-75.88620893,37.98055979,5.853049199546485,0.65576,0.0619414,0.0,0.41,0.4870809865142251,0.5262304
-76.48620893,38.34055979,5.848742866213152,0.47998,0.5112374,-11.0,0.465,0.4590832396372279,0.5191992
-74.575556,39.285833,5.8788131768707474,1.30934,0.3729312,-2.0,0.3061,0.3747578377153743,0.5523736
-75.76620893,37.92055979,5.853049199546485,0.7639,0.0,-3.0,0.593,0.5683501759590237,0.530556
-76.33,36.94667,5.871969226757369,0.85374,1.287397,-17.0,0.36576,0.4373687277279928,0.5341496
-77.80620893,34.20055979,4.867373244897959,1.38593,0.2019034,-2.0,0.344424,0.3441343282546015,0.5554372
-70.66620893,43.08055979,3.8905211201814063,2.87075,0.7617334,5.0,0.798,0.7321668373466867,0.61483
-73.96620893,40.38055979,5.061228219954648,1.5049,0.4206698,-9.0,0.40121,0.4482805617042597,0.560196
-74.14620893,40.68055979,4.877793897959183,1.71718,0.5892369,0.0,0.9144,0.9010235793047352,0.5686872000000001
-76.46444,37.99611,5.848742866213152,0.47444,0.1710407,1.0,0.51816,0.4986054419264157,0.5189776
-77.08620893,38.34055979,5.057587448979591,0.461,0.3420784,43.0,0.54864,0.5153456059659598,0.51844
-70.72620893,43.08055979,3.8905211201814063,2.87097,1.2092646,3.0,0.66101,0.6763488283659789,0.6148388
-76.42620893,35.40055979,5.045583265306122,0.15,0.0619414,-3.0,0.611,0.5946758591755773,0.506
-76.42620893,37.38055979,5.859537269841269,0.75608,0.9696907,9.0,0.616,0.5900205606498398,0.5302432
-71.411,41.5868,4.818900192743763,1.25862,1.0467204,-6.0,0.583127042,0.626089495632398,0.5503448
-75.76620893,39.54055979,5.239979027210884,1.13582,0.3342789,11.0,0.689,0.6299405605443827,0.5454328
-74.68620893,39.12055979,5.879209648526077,1.36697,0.092912,-8.0,0.4466,0.4359606161439937,0.5546788
-75.52620893,39.54055979,5.058350573696145,1.86924,0.2019034,1.0,0.415,0.6488819439043186,0.5747696
-73.84620893,40.56055979,5.131827378684807,1.55067,0.1385049,-7.0,0.50942,0.4863126061327914,0.5620268
-74.4183,39.355,5.320160943310658,1.40213,1.0478648,-2.0,0.585216,0.6062747495358346,0.5560852000000001
-75.52620893,35.76055979,5.838818741496598,0.55668,0.305023,1.0,0.554,0.5943871990994946,0.5222672
-73.737778,40.593056,5.294506501133786,1.4849,0.1958751,-8.0,0.3439,0.3672461452938251,0.559396
-74.08620893,40.56055979,4.917202609977323,1.56678,0.1094978,-3.0,0.55382,0.5981929715950337,0.5626712
-76.48620893,37.98055979,5.848742866213152,0.4769,0.3158371,8.0,0.44,0.451435053066207,0.519076
-73.60620893,40.92055979,4.951763335600907,2.37924,0.2019034,-13.0,0.71687,0.7590261027609851,0.5951696
-76.30620893,36.96055979,5.8640327188208605,0.83688,0.0875983,-2.0,0.532,0.5233535539272138,0.5334752
-70.78620893,42.90055979,3.913952714285714,2.90654,0.5368593,-17.0,0.43388,0.4974605024615863,0.6162616
-74.02620893,40.02055979,5.389013015873016,1.3729,0.0979378,-19.0,0.32474,0.3513070100470723,0.554916
-77.02620893,38.88055979,5.239979027210884,0.9769,0.9403237,4.0,0.315,0.3557617249510147,0.539076
-71.44620893,41.58055979,4.818900192743763,1.25314,0.6532992,9.0,0.583127042,0.6396886073511127,0.5501256
-70.24620893,43.62055979,4.1171609909297056,2.943,0.658781,25.0,0.63904,0.6430570145599348,0.61772
-76.00620893,37.20055979,5.834597195011338,0.86044,0.0309707,8.0,0.476,0.5366064823684724,0.5344176
-74.765833,39.056944,5.885067548752834,1.44295,0.278734,3.0,0.41633,0.471517191162445,0.557718
-71.3267,41.505,4.83946990249433,1.17267,1.3506188,-6.0,0.655327969,0.6698414261344128,0.5469068
-79.90620893,32.76055979,4.822207453514739,1.74249,0.1313973,-7.0,0.377,0.3717184828072734,0.5696996
-75.068056,38.609722,5.863426315192744,0.9401,0.048969,1.0,0.34006,0.4274282793718418,0.537604
-70.72620893,42.24055979,4.899929458049886,2.94726,0.1983084,-23.0,0.53637,0.5502083104706419,0.6178904000000001
-76.00620893,38.22055979,5.85756841723356,0.73438,0.0,-3.0,0.560832,0.5389193706583352,0.5293752
-74.1417,40.6367,4.905665675736961,1.67324,0.5916732,-6.0,0.9144,0.8899221622411068,0.5669296
-74.80620893,39.06055979,5.874008326530612,1.45928,0.305023,-3.0,0.41633,0.4324994722779093,0.5583712
-76.06620893,36.90055979,5.860985707482993,0.63743,0.2743989,5.0,0.494,0.5284274558348726,0.5254972
-74.74620893,39.06055979,5.879209648526077,1.40261,0.5292124,-1.0,0.41633,0.4459583759349247,0.5561043999999999
-74.08620893,39.96055979,5.363211077097505,0.23233,0.1313973,-1.0,0.3667,0.3868423874164138,0.5092932
-75.7275,37.9188,5.853049199546485,0.7785,0.1469066,1.0,0.593,0.5726949638887325,0.53114
-74.80620893,40.14055979,4.947485160997732,2.488,0.8208132,5.0,0.569,0.6062373382892587,0.59952
-71.32620893,41.46055979,4.848627412698413,1.0592,1.0533402,2.0,0.655327969,0.6777107219488753,0.542368
-75.16620893,38.76055979,5.817442328798186,1.367,0.1402255,4.0,2.04216,1.6956390380524349,0.55468
-75.04620893,38.64055979,5.884802727891157,1.25297,0.0309707,-9.0,0.34006,0.4049180614103096,0.5501188
-75.04620893,38.34055979,5.884802727891157,1.17799,0.07896,-11.0,0.59436,0.5028466245292759,0.5471196
-76.00620893,37.14055979,5.834597195011338,0.90826,0.1094978,-4.0,0.476,0.537896249978287,0.5363304
-76.78620893,37.20055979,5.458241721088435,0.67944,0.3158371,-3.0,0.549,0.543277026118796,0.5271776
-71.38620893,41.70055979,4.6958610453514735,1.3493,0.5957117,17.0,1.194816,1.0635015301526012,0.553972
-74.02620893,40.50055979,5.184527823129251,1.57902,0.0619414,-5.0,0.44985,0.4588542648820096,0.5631608
-71.32620893,41.70055979,4.740820997732426,1.38537,0.1765596,-12.0,0.736,0.814079451056615,0.5554148
-75.98844,37.16519,5.834597195011338,0.90139,0.845274,-5.0,0.6096,0.5637754873779053,0.5360556
-70.78620893,43.08055979,3.8905211201814063,2.019,0.7971056,17.0,0.66101,0.7670237834325379,0.58076
-70.7117,43.0717,3.8905211201814063,2.86421,0.8503637,-14.0,0.798,0.7606150200325021,0.6145684
-71.3433,41.7167,4.727646394557823,1.39872,0.2327945,-13.0,1.194816,1.0209479680225362,0.5559488
-76.3017,36.7783,5.8229457256235815,0.97576,0.1179327,-11.0,0.551,0.5578949530724958,0.5390304
-75.5883,39.5817,5.239979027210884,1.83173,0.5255753,-4.0,1.12776,0.975820931639248,0.5732692
-73.974722,40.365556,5.061228219954648,1.18375,0.2637041,4.0,0.40121,0.438746044676619,0.54735
-70.66620893,42.60055979,4.416342195011338,2.91562,0.6041046,-7.0,0.5882,0.5996484972214792,0.6166248
-73.78620893,40.80055979,5.094210875283447,2.3755,0.4556912,-19.0,0.6689,0.6756271291922292,0.59502
-76.48620893,37.20055979,5.859537269841269,0.789,0.1116663,24.0,0.588,0.5498610639654462,0.53156
-71.02620893,42.36055979,4.486233501133786,3.12489,1.163613,-10.0,0.68,0.6506005620664198,0.6249956
-76.24620893,39.18055979,5.341283498866212,0.523,0.3112485,8.0,0.538,0.537286261888944,0.52092
-79.90620893,32.82055979,4.822207453514739,1.80291,0.9694435,-29.0,0.377,0.4028863268225116,0.5721164
-76.36620893,35.46055979,5.852368,0.152,0.1579198,3.0,0.611,0.6045172122444931,0.50608
-75.14167,39.93333,5.286269854875283,2.04547,0.4020164,3.0,2.04216,1.8597859493333324,0.5818188
-75.10620893,38.70055979,5.874008326530612,1.352,0.3073724,9.0,0.59436,0.5663973947635752,0.55408
-73.885556,40.573611,5.155636902494331,1.71562,0.5346215,-9.0,0.50942,0.5431133114676812,0.5686248
-70.660556,42.610278,4.416342195011338,2.917,0.9170935,3.0,0.5882,0.6099845321174798,0.61668
-72.34620893,41.16055979,5.088533358276644,1.2029,0.5583144,-30.0,0.52375,0.6770829816667968,0.548116
-70.66620893,41.52055979,4.906436088435373,0.52486,1.8858635,-20.0,1.00516,1.13841500133008,0.5209944
-72.10620893,41.34055979,5.027395058956916,0.929,0.8610095,40.0,0.932688,0.932603689806646,0.53716
-75.41,39.81167,5.239979027210884,1.86973,0.9261968,-7.0,1.18872,1.1711531720784305,0.5747892
-75.10620893,38.34055979,5.838818741496598,0.417,0.2368789,3.0,0.59436,0.6207128801764926,0.51668
-75.10620893,38.64055979,5.863426315192744,0.60252,0.0902942,-1.0,0.59436,0.5473530398094822,0.5241008
-73.66620893,40.62055979,5.576057285714286,1.54634,0.048969,-2.0,0.29406,0.3230498693784825,0.5618536
-76.315,37.001944,5.8640327188208605,0.84925,0.8254731,-9.0,0.522,0.5259370052468633,0.5339700000000001
-76.12620893,37.02055979,5.838818741496598,0.88061,0.0309707,-6.0,0.555,0.5505276325067695,0.5352244
-75.10620893,38.58055979,5.863426315192744,0.7823,0.2855333,1.0,0.59436,0.5696824690137191,0.531292
-72.28620893,41.16055979,5.088533358276644,1.06718,3.0487151,-19.0,0.52375,0.714709163356127,0.5426872
-74.92620893,39.00055979,5.863426315192744,1.761,0.0309707,11.0,0.64008,0.5953738592124277,0.5704400000000001
-69.95108,41.68847,5.2610919569161,1.97434,1.0143909,6.0,0.892,0.912420118006397,0.5789736
-70.72,42.199444,4.899929458049886,2.96883,0.2855333,6.0,0.53637,0.5736303206090632,0.6187532
-70.0967,41.285,5.1913609160997725,1.09,0.9637397,-4.0,0.434,0.5118908464081011,0.5436
-76.36620893,36.96055979,5.871969226757369,0.87478,0.1332098,-6.0,0.36576,0.4496452755569892,0.5349912
-74.734167,39.110833,5.879209648526077,1.3822,0.0692525,3.0,0.4466,0.4891403366019698,0.555288
-74.86620893,40.08055979,4.903433968253968,2.39365,0.0656987,3.0,0.6858,0.69081098612381,0.595746
-76.095583,36.906611,5.843721548752835,0.8779,0.3947942,-2.0,0.494,0.5412282331585268,0.535116
-76.08333,37.03333,5.838818741496598,0.91811,0.1313973,-13.0,0.569976,0.5551390534151595,0.5367244
-75.70417,35.20864,5.834004947845805,0.17704,0.1883867,3.0,0.58,0.5950947825107874,0.5070816
-77.0634,34.6677,5.266814537414965,0.55738,1.0294027,1.0,0.54864,0.5309430820857836,0.5222952
-76.314444,35.018333,5.329616630385487,0.0,0.3135512,3.0,0.61,0.598338481440657,0.5
-73.96620893,40.68055979,5.110125875283447,1.458,0.7458309,28.0,0.63524,0.6560885085978242,0.55832
-74.026111,40.185556,5.194725385487528,1.38689,0.1116663,5.0,0.41143,0.4217565605034183,0.5554756
-76.4254,37.3793,5.859537269841269,0.75599,0.9696907,9.0,0.616,0.5911963660101388,0.5302396
-74.02620893,40.44055979,5.061228219954648,1.58217,0.0218996,-5.0,0.44985,0.4598859035999582,0.5632868
-74.02620893,40.68055979,5.110125875283447,1.59575,0.941852,-10.0,0.63524,0.6230405443908582,0.56383
-76.29,37.6162,5.873767727891155,0.4189,0.667099,3.0,0.57912,0.5565372803800399,0.516756
-76.96620893,38.88055979,5.239979027210884,0.99653,1.2419194,10.0,0.315,0.3474376463590234,0.5398612
-76.48620893,38.16055979,5.848742866213152,0.548,0.0437992,11.0,0.369,0.4142785185283155,0.52192
-76.48620893,39.00055979,5.111978206349206,0.45088,2.1115308,-3.0,0.351,0.4085287540101248,0.5180352
-75.74669,36.18331,5.8229457256235815,1.124,0.5408638,-3.0,0.553,0.5742407767560759,0.54496
-76.30620893,34.98055979,5.329616630385487,0.0,0.0619414,3.0,0.61,0.6016527706159632,0.5
-76.245,39.21333,5.341283498866212,0.52847,0.8684944,4.0,0.538,0.5233419742692588,0.5211388
-76.00620893,35.10055979,5.846348707482993,0.33919,0.048969,-2.0,0.59,0.593288016396257,0.5135676
-74.044722,40.111667,5.37375419047619,1.34658,0.0875983,3.0,0.39078,0.3795811835496888,0.5538632
-76.42620893,38.34055979,5.848742866213152,0.4527,0.7129621,17.0,0.465,0.4923960789625222,0.518108
-73.7649,40.8103,4.909706632653061,2.3791,1.4888366,-3.0,0.6689,0.7028424008408786,0.595164
-74.96,38.96833,5.863426315192744,1.67281,0.4572671,0.0,0.64008,0.5985251530139851,0.5669124
-77.92620893,34.26055979,4.349796866213151,1.357,0.0437992,2.0,0.381,0.3728860725834586,0.55428
-76.66620893,34.68055979,5.215840113378685,1.26248,0.266418,-7.0,0.45720556,0.4675415102534174,0.5504992
-70.2467,43.6567,4.1171609909297056,3.01856,1.2480789,1.0,0.63904,0.6454529852243596,0.6207424
-76.791453,37.220139,5.458241721088435,0.67054,0.5514005,-4.0,0.549,0.5415509859269831,0.5268216
-78.9183,33.655,4.936755909297052,1.70697,0.0309707,-10.0,0.35052,0.3554666396613765,0.5682788
-75.16620893,39.90055979,5.232042519274375,2.027,0.1667818,7.0,2.04216,1.8785841257142848,0.58108
-75.76620893,36.18055979,5.8229457256235815,0.0,0.1667818,1.0,0.553,0.5710364314832438,0.5
-70.90620893,41.58055979,4.866018775510204,1.19788,0.0437992,-7.0,0.61775,0.6578168912357968,0.5479152
-77.98620893,34.20055979,4.349796866213151,1.453,0.1765596,-1.0,0.25,0.2900967297529137,0.55812
-74.14620893,40.62055979,4.905665675736961,1.552,0.1116663,13.0,0.9144,0.8855637476915937,0.56208
-75.40620893,39.78055979,5.239979027210884,1.845,0.0656987,4.0,1.18872,1.1353664154285703,0.5738
-77.02620893,38.34055979,5.057587448979591,0.514,0.2286372,6.0,0.485,0.4881145489623684,0.52056
-70.00620893,41.70055979,5.2610919569161,2.0482,0.4252052,18.0,0.892,0.9132668171711108,0.581928
-76.57833,39.26667,5.239979027210884,0.51179,0.3941863,-9.0,0.48768,0.4768703633090458,0.5204716
-76.48620893,37.26055979,5.859537269841269,0.7967,0.2627932,8.0,0.588,0.5541852293834497,0.531868
-75.94620893,37.14055979,5.860985707482993,1.36983,0.4847564,4.0,0.476,0.5919842476247507,0.5547932
-79.925,32.7817,4.822207453514739,1.75828,1.3513283,-1.0,0.377,0.3820223374891782,0.5703312
-75.82620893,37.98055979,5.853049199546485,0.661,0.339969,4.0,0.41,0.4732904980412026,0.52644
-76.06620893,38.22055979,5.869786780045351,0.57653,0.1094978,-4.0,0.560832,0.5838092320142204,0.5230612
-71.14620893,41.70055979,4.798160224489796,1.456,1.2076781,35.0,0.674,0.75117275954467,0.55824
-71.86620893,41.28055979,5.051605156462585,0.90133,0.631655,-36.0,0.61855,0.6653570446336061,0.5360532
-74.8697,40.0817,5.1877039047619045,2.38955,0.0619414,2.0,0.6858,0.6683058000000002,0.5955820000000001
-77.02167,38.87333,5.239979027210884,0.97699,0.2846923,-7.0,0.315,0.3543901893280966,0.5390796
-75.12,38.78169,5.868150428571429,1.43252,0.3830806,2.0,2.04216,1.4974894256243216,0.5573008
-76.3998,35.43518,5.054181149659863,0.15127,0.5710524,6.0,0.611,0.5963434625458374,0.5060508
-74.14620893,40.56055979,4.917202609977323,1.561,0.4379832,19.0,0.9144,0.9109124989785972,0.56244
-78.88620893,33.66055979,4.936755909297052,1.69716,0.0218996,-8.0,0.35052,0.356048866333969,0.5678864
-70.24620893,43.68055979,4.1171609909297056,3.00859,0.6792085,-5.0,0.63904,0.6311438663426333,0.6203436
-73.60620893,40.62055979,5.576057285714286,1.44479,0.0656987,-2.0,0.29406,0.3168748483528415,0.5577916
-72.503056,40.850556,5.269710371882086,0.96678,0.339969,-1.0,0.52674,0.5530506323856808,0.5386712
-76.54620893,38.16055979,5.8290230861678,0.56682,0.5583144,-1.0,0.369,0.4244184852337074,0.5226728
-71.8583,41.3106,5.051605156462585,0.90545,0.7834546,8.0,0.61855,0.70569139550118,0.536218
-75.70620893,35.22055979,5.834004947845805,0.18892,0.1548531,-2.0,0.58,0.5982883946840399,0.5075568
-75.88620893,37.32055979,5.848827653061225,1.40892,0.1276952,-5.0,0.62,0.6578239750759313,0.5563568
-75.52620893,35.28055979,5.8498779637188205,0.1936,0.159431,-2.0,0.872,0.7732685170300103,0.507744
-76.78620893,37.26055979,5.324725158730159,0.699,0.4020164,10.0,0.549,0.5448895737854295,0.52796
-75.10620893,38.76055979,5.868150428571429,1.352,0.0218996,-1.0,0.411,0.5411497502108101,0.55408
-76.47833,37.22667,5.859537269841269,0.78328,0.6170628,-13.0,0.54864,0.5449587393795521,0.5313312
-70.66620893,42.18055979,4.899929458049886,2.96005,0.3065913,-19.0,0.53637,0.5473869525341338,0.618402
-73.1817,41.1733,4.917586854875284,2.23576,0.3531157,3.0,1.69164,1.4941630656726703,0.5894304
-74.08620893,39.72055979,5.382836351473922,1.18283,0.0692525,-10.0,0.30968,0.3720751727512388,0.5473132
-70.84620893,42.90055979,3.913952714285714,2.909,0.3722877,2.0,0.43388,0.4769313934190025,0.61636
-74.14620893,39.96055979,5.363211077097505,0.233,0.4466566,14.0,0.9144,0.8496048207455511,0.50932
-74.02620893,40.20055979,5.194725385487528,1.455,0.1667818,7.0,0.41143,0.4318827303446882,0.5582
-75.078528,38.690194,5.874008326530612,0.61631,0.3510727,3.0,0.38953,0.4565177375129057,0.5246524
-74.14620893,39.66055979,5.382836351473922,1.20597,0.266418,-10.0,0.9144,0.7842764719172222,0.5482388
-74.7517,40.1367,4.947485160997732,2.55823,0.0979378,3.0,0.569,0.625030192756282,0.6023292
-77.92620893,34.20055979,4.522826956916099,1.449,0.4131934,8.0,0.381,0.4127022132231457,0.55796
-72.46620893,40.86055979,5.269710371882086,0.99951,0.0619414,-4.0,0.52674,0.539778045575861,0.5399804
-70.72620893,41.52055979,4.906436088435373,1.24931,0.0902942,-11.0,1.00516,0.883535965876106,0.5499724
-72.94620893,41.28055979,4.828715780045351,2.055,0.1179327,9.0,0.630936,0.7434533958865716,0.5822
-76.45167,38.31667,5.848742866213152,0.45403,0.6365703,-9.0,0.56388,0.5197864853680765,0.5181612
-77.7867,34.2133,4.867373244897959,1.31098,0.2921744,-2.0,0.344424,0.3427543069212682,0.5524392
-74.1475,40.448611,4.969160952380952,1.65749,0.2646118,2.0,0.9144,0.902185191991406,0.5662996
-76.24620893,37.62055979,5.873767727891155,0.40361,0.2233317,-5.0,0.506,0.5384638623884891,0.5161444
-76.06620893,38.58055979,5.813367755102041,0.61739,0.1332098,-5.0,0.445,0.5319393635306727,0.5246956
-70.90620893,41.64055979,4.866018775510204,1.2194,0.3824542,3.0,0.61775,0.6541752825816701,0.548776
-75.94620893,37.32055979,5.848827653061225,0.695,0.07896,10.0,0.62,0.5892379682809471,0.5278
-77.9533,34.2267,4.349796866213151,1.42798,0.5981217,1.0,0.381,0.3665522550250171,0.5571192
-74.92620893,40.08055979,5.1877039047619045,2.294,0.3292193,8.0,0.6858,0.7501538539797982,0.5917600000000001
-73.12620893,41.16055979,4.932977342403627,2.142,0.2189948,1.0,1.69164,1.5549535705580595,0.58568
-75.5218,35.2676,5.8498779637188205,0.1949,0.1469066,4.0,0.872,0.8130781140602985,0.507796
-76.42620893,35.46055979,5.054181149659863,0.1522,0.1276952,3.0,0.611,0.5997455188654164,0.506088
-74.054444,40.040556,5.383519922902494,0.19342,0.1579198,-1.0,0.32474,0.351205390810334,0.5077368
-75.033056,39.231667,5.863426315192744,1.9269,0.0437992,1.0,0.38958,0.4469434573992034,0.577076
-76.42620893,38.28055979,5.848742866213152,0.452,0.2327945,15.0,0.465,0.4969692323962713,0.51808
-74.14620893,39.78055979,5.362527505668934,0.29472,0.048969,-1.0,0.9144,0.813346194889218,0.5117888
-74.92620893,38.94055979,5.884802727891157,1.637,0.2358644,5.0,0.64008,0.5717069686854878,0.56548
-72.08997,41.36139,4.846510569160998,0.93891,1.3603415,-1.0,0.932688,0.8708582003003202,0.5375564
-76.36620893,35.40055979,5.054181149659863,0.15,0.0218996,3.0,0.611,0.5998314179588558,0.506
-75.81,39.5267,5.239979027210884,0.98183,0.2708809,4.0,0.57912,0.5654302834559236,0.5392732
-74.98620893,39.00055979,5.863426315192744,1.74319,0.0,-7.0,0.382,0.4485467197726647,0.5697276
-72.9083,41.2833,4.828715780045351,2.0511,3.0473826,-40.0,0.630936,0.7646035640170886,0.582044
-75.58620893,35.82055979,5.838818741496598,0.18653,0.0979378,-4.0,0.554,0.6044825992610977,0.5074612
-76.30620893,36.78055979,5.8229457256235815,0.9726,0.092912,-12.0,0.600456,0.5647181486357472,0.538904
-74.02620893,40.74055979,5.101527990929704,1.55083,1.2729836,22.0,0.63524,0.6968955592975178,0.5620332
-71.4012,41.8071,4.641288975056689,1.47572,1.7245493,9.0,1.194816,1.117182292004073,0.5590288
-73.656111,40.608889,5.5839937936507935,1.53474,0.1332098,0.0,0.29406,0.3111148338229267,0.5613896
-76.48156,38.98328,5.111978206349206,0.44167,0.6510935,5.0,0.48768,0.4890271689357257,0.5176668
-74.02620893,40.14055979,5.37375419047619,1.428,0.698696,7.0,0.39078,0.4203101763673313,0.55712
-77.98620893,34.26055979,4.349796866213151,1.357,0.1667818,0.0,0.25,0.2749910217663818,0.55428
-74.08620893,40.08055979,5.280707619047619,0.1711,0.3644768,5.0,0.39078,0.4312622358915575,0.506844
-76.42620893,37.98055979,5.859537269841269,0.46337,0.3335608,-2.0,0.44,0.4805362448652837,0.5185348
-70.910278,41.62,4.866018775510204,1.21105,0.4837662,-4.0,0.61775,0.6397444423785646,0.548442
-76.48620893,38.10055979,5.848742866213152,0.5273,0.482277,-15.0,0.369,0.4139837316978159,0.521092
-75.10620893,39.90055979,5.286269854875283,2.029,0.0309707,4.0,0.461,0.8908629274586459,0.58116
-74.02620893,40.08055979,5.37375419047619,1.39779,0.2855333,-13.0,0.39078,0.4122821759292264,0.5559116
-69.94620893,41.70055979,5.176035247165532,1.96684,0.4655813,2.0,0.892,0.8443210971474172,0.5786736
-71.1641,41.7043,4.798160224489796,1.455,1.2574522,13.0,0.674,0.7034166295163979,0.5582
-74.08620893,40.02055979,5.363211077097505,0.207,0.1751961,2.0,0.32474,0.3801538223370482,0.50828
-76.67,34.72,5.215840113378685,1.078,0.434686,-5.0,0.45720556,0.4708520012043136,0.54312
-71.38620893,41.58055979,4.818900192743763,1.25701,0.0692525,-9.0,0.583127042,0.6409478039562764,0.5502804
-75.16620893,39.96055979,5.232042519274375,2.087,0.2553892,20.0,2.04216,1.9175726483809528,0.58348
-77.0367,38.32,5.057587448979591,0.5623,0.6820265,-5.0,0.54864,0.5022800186085054,0.522492
-71.38620893,41.82055979,4.608661108843537,1.49361,0.7931861,1.0,1.194816,1.0963709201971017,0.5597444
-71.08620893,42.36055979,4.502106517006802,3.134,0.374215,11.0,0.68,0.6207521192413589,0.62536
-74.02620893,40.38055979,5.061228219954648,1.19171,3.4176767,0.0,0.40121,0.4384887811915542,0.5476684
-74.08620893,40.14055979,5.3010164671201805,1.428,0.240894,36.0,0.39078,0.4700585269271379,0.55712
-70.60620893,42.60055979,4.462379723356008,2.88217,0.440712,-28.0,0.5882,0.624908188309497,0.6152868
-72.70620893,40.80055979,5.299206866213152,0.73904,0.3462586,4.0,0.5968,0.6274859792698863,0.5295616
-71.96,41.0483,5.208770859410431,0.76751,1.0729543,-14.0,2.19456,1.8169993722143896,0.5307004
-72.76620893,40.80055979,5.299206866213152,0.745,0.3611724,8.0,0.5968,0.6304031877210646,0.5298
-74.38620893,39.36055979,5.320160943310658,1.37637,0.0309707,-6.0,0.585216,0.5962795487583712,0.5550548
-76.54620893,39.30055979,5.239979027210884,0.531,0.6660199,27.0,0.409,0.4411138222000219,0.52124
-74.98620893,39.24055979,5.863426315192744,1.333,0.092912,8.0,0.38958,0.4893176014492028,0.55332
-70.74169,43.08,3.8905211201814063,2.69207,0.3767693,-3.0,0.66101,0.673192444443857,0.6076828
-73.593333,40.905,4.951763335600907,2.36161,1.2436548,2.0,0.71687,0.798286222614986,0.5944644
-73.72620893,40.62055979,5.294506501133786,1.888,0.0979378,10.0,0.3439,0.4442681564555688,0.57552
-75.82620893,39.54055979,5.239979027210884,0.848,0.5928876,15.0,0.57912,0.5844957576367384,0.53392
-72.10620893,41.40055979,4.846510569160998,0.963,0.7962028,14.0,0.932688,0.8727152240243984,0.53852
-75.57331,39.55831,5.239979027210884,1.77303,0.0979378,5.0,0.600456,0.6511470920270512,0.5709212
-75.64620893,37.62055979,5.853049199546485,1.2405,0.1094978,1.0,0.756,0.6627610616720461,0.54962
-76.06620893,37.02055979,5.843721548752835,0.94531,0.1710407,-9.0,0.555,0.5496136820374502,0.5378124
-76.24620893,39.24055979,5.33220133786848,0.52184,0.1094978,-7.0,0.538,0.5281038228153486,0.5208736
-76.0383,38.22,5.85756841723356,0.63595,0.1313973,-1.0,0.560832,0.5307132361220985,0.525438
-77.02620893,38.28055979,5.057587448979591,0.514,0.6088486,25.0,0.485,0.4893794570027003,0.52056
-73.96620893,40.44055979,5.061228219954648,1.51573,0.0656987,-7.0,0.44985,0.4411511819194609,0.5606292
-75.88620893,37.26055979,5.848827653061225,0.768,0.0,0.0,0.62,0.5843153301372217,0.53072
-72.52620893,40.86055979,5.269710371882086,0.92975,0.4598814,5.0,0.52674,0.5605797063393106,0.5371900000000001
-71.92620893,41.04055979,5.246387408163264,0.89661,0.8794659,19.0,2.19456,1.7488299932185525,0.5358644
-73.72620893,40.56055979,5.294506501133786,1.48806,0.1179327,-13.0,0.3439,0.3697051595433539,0.5595224
-72.7508,40.7881,5.299206866213152,0.74432,0.2065994,-3.0,0.5968,0.6158336562179584,0.5297728
-70.818611,42.900278,3.913952714285714,2.91892,0.3880557,3.0,0.43388,0.4886696325411933,0.6167568
-76.12620893,36.90055979,5.843721548752835,0.886,0.2156849,10.0,0.494,0.5319480470197829,0.53544
-74.14620893,40.50055979,4.96100133786848,1.64851,0.2496921,-10.0,0.9144,0.8707468636120606,0.5659404
-76.60620893,39.30055979,5.239979027210884,0.532,1.185244,26.0,0.48768,0.4808498205925106,0.52128
-75.70620893,37.92055979,5.853049199546485,0.784,0.0437992,0.0,0.593,0.570399404916294,0.53136
-76.0683,38.5733,5.813367755102041,0.61888,0.4717209,4.0,0.56388,0.5219402634880124,0.5247552
-73.90620893,40.56055979,5.155636902494331,1.64546,0.2327945,-2.0,0.50942,0.5528751466832287,0.5658183999999999
-74.873333,40.08,5.1877039047619045,2.3824,0.0692525,1.0,0.6858,0.6734411733333334,0.595296
-75.8636,37.9783,5.853049199546485,0.65634,0.1276952,2.0,0.41,0.5650133632890935,0.5262536
-74.08620893,39.78055979,5.362527505668934,1.24982,0.2708809,-8.0,0.30968,0.4465749842851325,0.5499928
-72.28620893,41.10055979,5.06472383446712,0.92851,0.3158371,-12.0,0.52375,0.8428697371714461,0.5371404
-74.74620893,40.14055979,4.947600920634921,2.56614,0.1871095,7.0,0.569,0.6427312015643626,0.6026456
-74.44620893,39.36055979,5.320160943310658,1.3553,0.1983084,2.0,0.585216,0.6473144473503454,0.554212
-76.5,38.138333,5.848742866213152,0.5455,0.3624978,3.0,0.369,0.4252571766681171,0.52182
-74.62620893,39.30055979,5.8788131768707474,1.33202,0.0656987,-1.0,0.3061,0.3930804460682821,0.5532808
-76.60620893,39.24055979,5.239979027210884,0.51392,1.0944082,15.0,0.48768,0.4808492612274314,0.5205568
-75.04620893,38.70055979,5.863426315192744,1.2926,0.048969,-12.0,0.38953,0.4392616926117607,0.551704
-75.987222,35.115278,5.846348707482993,0.32431,0.1751961,2.0,0.59,0.6571158717572637,0.5129724
-72.30666,41.136666,5.06472383446712,0.90881,0.6792085,3.0,0.52375,0.8487438595807539,0.5363524
-75.04620893,39.24055979,5.863426315192744,1.927,0.3135512,2.0,0.38958,0.5725595860976156,0.57708
-70.72620893,42.18055979,4.899929458049886,2.962,0.5748188,14.0,0.53637,0.6074151655806798,0.61848
-76.610556,36.056389,5.852249446712018,0.0,0.6384507,5.0,0.61,0.5513853450078273,0.5
-71.20620893,41.70055979,4.798160224489796,1.4323,0.0,-5.0,0.674,0.69704170820199,0.557292
-75.70620893,36.18055979,5.8229457256235815,1.12275,0.1116663,-17.0,0.553,0.5642295803666895,0.54491
-74.0094,40.4669,5.184527823129251,1.59231,0.4313637,-3.0,0.64008,0.5115990604690146,0.5636924
-72.04620893,41.34055979,5.082736997732427,0.929,0.3748552,9.0,0.932688,0.7091361701538678,0.53716
-71.0534,42.3548,4.502106517006802,3.13066,1.1971145,18.0,0.68,0.7001608120505126,0.6252264000000001
-78.94620893,33.66055979,4.936755909297052,1.706,0.0656987,1.0,0.35052,0.3670748728888894,0.56824
-75.52620893,35.82055979,5.838818741496598,1.06462,0.0218996,-11.0,0.554,0.6383686244824923,0.5425848
-74.0142,40.7006,5.110125875283447,1.55932,0.6746041,-7.0,0.63524,0.6116774356022869,0.5623728
-75.70620893,37.62055979,5.853049199546485,1.241,0.443424,8.0,0.756,0.6306610806014527,0.54964
-70.12620893,41.28055979,5.1913609160997725,1.105,0.2496921,7.0,0.434,0.5341444063262123,0.5442
-71.32620893,41.52055979,4.83946990249433,1.20289,2.6367419,-10.0,0.655327969,0.7360559843316672,0.5481156
-76.30620893,37.62055979,5.873767727891155,0.42307,0.6365703,-4.0,0.506,0.5444396390026937,0.5169228
-76.24620893,36.78055979,5.8229457256235815,0.961,0.2846923,14.0,0.551,0.5418452729892103,0.53844
-75.58620893,39.60055979,5.239979027210884,1.82907,0.1402255,-2.0,1.12776,0.9604797352558538,0.5731628
-71.86620893,41.34055979,5.051605156462585,0.9094,0.7229797,7.0,0.61855,0.731881615117826,0.536376
-74.98620893,38.94055979,5.874008326530612,1.62803,0.0656987,-10.0,0.382,0.4814419809114635,0.5651212
-75.04620893,38.58055979,5.884802727891157,1.22382,0.1179327,-8.0,0.34006,0.459999075170799,0.5489528
-70.6717,41.5233,4.906436088435373,0.67124,0.5126425,-18.0,1.00516,1.133564676970841,0.5268496
-75.94620893,37.44055979,5.853049199546485,0.6886,0.0902942,4.0,0.436,0.5934303773776283,0.527544
-76.66620893,34.74055979,5.215840113378685,1.06795,0.7249666,-8.0,0.45720556,0.4722302779206534,0.542718
-77.74620893,34.20055979,4.897799335600907,1.36885,0.1094978,-15.0,0.344424,0.344236852096686,0.554754
-76.54620893,39.24055979,5.239979027210884,0.5122,0.1548531,-9.0,0.409,0.4534737710842708,0.520488
-75.10620893,39.96055979,5.232042519274375,2.10414,0.1276952,-1.0,0.461,1.0861791434586463,0.5841656
-75.94620893,37.50055979,5.853049199546485,0.604,0.0979378,11.0,0.436,0.5656779846403889,0.52416
-75.923546,37.288969,5.848827653061225,1.5135,0.3880557,3.0,0.62,0.7862033752010613,0.56054
-76.30620893,37.02055979,5.8640327188208605,0.85746,0.3255573,-1.0,0.522,0.5054462382842528,0.5342984
-74.56620893,39.30055979,5.832245145124715,1.32632,0.1094978,-4.0,0.3061,0.5552759526268434,0.5530528
-75.40620893,39.84055979,5.239979027210884,1.872,0.4782831,26.0,1.18872,1.2228529550476173,0.5748800000000001
-75.5483,35.795,5.838818741496598,0.35996,0.1970955,0.0,1.03632,0.6173616242754421,0.5143984
-75.935278,37.476389,5.853049199546485,0.63112,0.4166607,3.0,0.436,0.5516556416170425,0.5252448
-73.18620893,41.16055979,4.917586854875284,2.23184,0.5328246,3.0,1.69164,1.4203118627599574,0.5892736000000001
-71.44620893,41.82055979,4.608661108843537,1.501,0.3097039,16.0,0.659,1.071648215311039,0.56004
-73.54620893,40.92055979,5.030511129251701,2.36393,0.2189948,-9.0,0.71687,0.751486078474386,0.5945572
-75.68583,37.60778,5.853049199546485,0.498,0.2708809,-1.0,0.756,0.5831418390923593,0.51992
-75.10620893,38.82055979,5.868150428571429,1.44141,0.2189948,-10.0,0.411,0.7681524774289442,0.5576564
-74.74620893,39.12055979,5.879209648526077,1.38166,0.180588,-2.0,0.4466,0.4323092804578173,0.5552664
-75.58620893,39.54055979,5.239979027210884,1.857,0.2019034,-1.0,1.12776,0.6998222544515045,0.57428
-73.72620893,40.80055979,4.9419592517006805,2.415,0.5368593,39.0,0.6689,0.78169543994924,0.5966
-72.88620893,41.28055979,4.828715780045351,2.054,1.4671149,15.0,0.630936,0.7726740948755394,0.58216
-76.48620893,38.94055979,5.302406691609978,0.431,0.440712,8.0,0.48768,0.4583801429198458,0.51724
-71.98620893,41.04055979,5.208770859410431,0.771,1.1803812,23.0,2.19456,1.89408166245832,0.53084
-76.60620893,36.06055979,5.852249446712018,0.138,0.0979378,7.0,0.61,0.5479665871973418,0.50552
-75.09167,38.32833,5.838818741496598,0.77278,0.1385049,-5.0,0.59436,0.6119030249844911,0.5309112
